delay_id,trip_id,stop_id,service_date,delay_minutes,cause
D0000001,T0001675,S0046,2025-01-01,42,Traffic
D0000002,T0000359,S0045,2025-01-06,16,Traffic
D0000003,T0001640,S0036,2025-01-04,27,Signal
D0000004,T0000538,S0021,2025-01-01,45,Traffic
D0000005,T0001539,S0086,2025-01-07,32,Passenger
D0000006,T0001685,S0089,2025-01-07,31,Signal
D0000007,T0000669,S0006,2025-01-03,42,Passenger
D0000008,T0001100,S0084,2025-01-01,8,Mechanical
D0000009,T0001314,S0060,2025-01-03,8,Signal
D0000010,T0000599,S0048,2025-01-04,45,Signal
D0000011,T0001304,S0098,2025-01-03,20,Traffic
D0000012,T0000579,S0074,2025-01-05,24,Mechanical
D0000013,T0001155,S0017,2025-01-05,43,Passenger
D0000014,T0001612,S0029,2025-01-05,26,Weather
D0000015,T0000409,S0028,2025-01-01,14,Mechanical
D0000016,T0001048,S0009,2025-01-02,17,Mechanical
D0000017,T0001055,S0096,2025-01-06,41,Traffic
D0000018,T0001928,S0072,2025-01-01,8,Passenger
D0000019,T0000116,S0083,2025-01-01,24,Signal
D0000020,T0001530,S0100,2025-01-02,14,Weather
D0000021,T0001431,S0026,2025-01-03,27,Mechanical
D0000022,T0001585,S0097,2025-01-03,33,Weather
D0000023,T0001430,S0028,2025-01-05,12,Passenger
D0000024,T0001649,S0040,2025-01-07,36,Passenger
D0000025,T0000269,S0014,2025-01-06,21,Passenger
D0000026,T0000082,S0060,2025-01-01,3,Weather
D0000027,T0001073,S0027,2025-01-01,23,Traffic
D0000028,T0000036,S0024,2025-01-04,42,Traffic
D0000029,T0001736,S0077,2025-01-07,5,Traffic
D0000030,T0000170,S0091,2025-01-07,24,Passenger
D0000031,T0000212,S0030,2025-01-04,25,Passenger
D0000032,T0001057,S0062,2025-01-06,43,Signal
D0000033,T0001286,S0022,2025-01-02,22,Weather
D0000034,T0000744,S0047,2025-01-06,12,Mechanical
D0000035,T0001439,S0036,2025-01-04,22,Weather
D0000036,T0000482,S0084,2025-01-02,14,Signal
D0000037,T0000221,S0041,2025-01-06,35,Mechanical
D0000038,T0001909,S0082,2025-01-03,11,Weather
D0000039,T0001267,S0002,2025-01-04,34,Mechanical
D0000040,T0000818,S0022,2025-01-02,30,Signal
D0000041,T0000449,S0012,2025-01-03,15,Passenger
D0000042,T0000888,S0013,2025-01-02,44,Traffic
D0000043,T0001910,S0094,2025-01-03,1,Signal
D0000044,T0000519,S0061,2025-01-03,33,Passenger
D0000045,T0000809,S0080,2025-01-05,16,Mechanical
D0000046,T0001266,S0092,2025-01-03,27,Passenger
D0000047,T0000651,S0090,2025-01-01,3,Traffic
D0000048,T0001390,S0005,2025-01-04,31,Passenger
D0000049,T0001211,S0015,2025-01-05,35,Traffic
D0000050,T0000613,S0045,2025-01-01,32,Mechanical
D0000051,T0000267,S0098,2025-01-05,29,Mechanical
D0000052,T0000004,S0039,2025-01-02,24,Signal
D0000053,T0000767,S0011,2025-01-04,28,Mechanical
D0000054,T0000176,S0025,2025-01-07,44,Signal
D0000055,T0000475,S0030,2025-01-05,4,Traffic
D0000056,T0000885,S0044,2025-01-07,11,Traffic
D0000057,T0000870,S0058,2025-01-03,41,Passenger
D0000058,T0000044,S0027,2025-01-04,9,Signal
D0000059,T0000538,S0057,2025-01-06,23,Weather
D0000060,T0000022,S0029,2025-01-05,22,Mechanical
D0000061,T0000919,S0095,2025-01-03,33,Passenger
D0000062,T0001493,S0016,2025-01-01,-10,Traffic
D0000063,T0000597,S0075,2025-01-07,20,Mechanical
D0000064,T0001041,S0094,2025-01-06,22,Weather
D0000065,T0000466,S0043,2025-01-05,45,Weather
D0000066,T0000142,S0007,2025-01-06,36,Mechanical
D0000067,T0001360,S0080,2025-01-03,31,Weather
D0000068,T0001619,S0006,2025-01-04,22,Mechanical
D0000069,T0000467,S0044,2025-01-06,6,Signal
D0000070,T0000829,S0075,2025-01-05,39,Weather
D0000071,T0001717,S0096,2025-01-07,14,Weather
D0000072,T0000422,S0055,2025-01-05,18,Signal
D0000073,T0001229,S0003,2025-01-05,30,Signal
D0000074,T0000177,S0056,2025-01-05,3,Passenger
D0000075,T0000753,S0054,2025-01-06,22,Signal
D0000076,T0001466,S0038,2025-01-04,9,Mechanical
D0000077,T0000262,S0027,2025-01-06,43,Passenger
D0000078,T0001245,S0047,2025-01-05,42,Traffic
D0000079,T0001021,S0069,2025-01-04,10,Passenger
D0000080,T0000538,S0037,2025-01-02,26,Signal
D0000081,T0000208,S0013,2025-01-01,41,Passenger
D0000082,T0000224,S0056,2025-01-03,34,Weather
D0000083,T0001901,S0078,2025-01-06,41,Traffic
D0000084,T0001530,S0013,2025-01-03,32,Passenger
D0000085,T0001602,S0059,2025-01-07,29,Traffic
D0000086,T0000762,S0057,2025-01-04,23,Weather
D0000087,T0000810,S0006,2025-01-07,13,Signal
D0000088,T0000040,S0100,2025-01-05,14,Traffic
D0000089,T0001009,S0055,2025-01-05,20,Signal
D0000090,T0001136,S0052,2025-01-05,13,Passenger
D0000091,T0001301,S0057,2025-01-01,23,Passenger
D0000092,T0001369,S0099,2025-01-06,43,Signal
D0000093,T0000944,S0028,2025-01-03,10,Weather
D0000094,T0000473,S0090,2025-01-02,31,Passenger
D0000095,T0001296,S0049,2025-01-01,12,Passenger
D0000096,T0000742,S0100,2025-01-06,38,Mechanical
D0000097,T0000338,S0058,2025-01-05,38,Mechanical
D0000098,T0000917,S0070,2025-01-03,15,Weather
D0000099,T0000278,S0020,2025-01-05,30,Passenger
D0000100,T0000338,S0060,2025-01-02,14,Traffic
D0000101,T0001411,S0030,2025-01-02,45,Traffic
D0000102,T0001310,S0018,2025-01-01,5,Weather
D0000103,T0000506,S0045,2025-01-01,19,Weather
D0000104,T0000048,S0034,2025-01-02,4,Traffic
D0000105,T0001363,S0072,2025-01-01,1,Signal
D0000106,T0001119,S0084,2025-01-01,29,Mechanical
D0000107,T0001695,S0001,2025-01-06,5,Mechanical
D0000108,T0000180,S0011,2025-01-02,35,Mechanical
D0000109,T0000736,S0099,2025-01-03,27,Signal
D0000110,T0001917,S0063,2025-01-06,18,Weather
D0000111,T0001882,S0053,2025-01-07,37,Traffic
D0000112,T0001683,S0012,2025-01-03,24,Mechanical
D0000113,T0000614,S0088,2025-01-02,3,Signal
D0000114,T0000716,S0073,2025-01-01,12,Signal
D0000115,T0000107,S0084,2025-01-04,34,Passenger
D0000116,T0000575,S0046,2025-01-04,25,Passenger
D0000117,T0001979,S0013,2025-01-06,2,Traffic
D0000118,T0001837,S0046,2025-01-06,2,Mechanical
D0000119,T0001159,S0004,2025-01-06,14,Weather
D0000120,T0001013,S0021,2025-01-03,19,Passenger
D0000121,T0001037,S0044,2025-01-03,27,Traffic
D0000122,T0001855,S0034,2025-01-06,40,Weather
D0000123,T0000166,S0095,2025-01-07,13,Traffic
D0000124,T0001419,S0056,2025-01-01,28,Mechanical
D0000125,T0000595,S0089,2025-01-01,15,Signal
D0000126,T0000194,S0094,2025-01-06,17,Mechanical
D0000127,T0000243,S0023,2025-01-06,19,Weather
D0000128,T0000680,S0022,2025-01-06,18,Traffic
D0000129,T0001361,S0004,2025-01-02,29,Traffic
D0000130,T0001672,S0096,2025-01-07,-10,Weather
D0000131,T0000768,S0060,2025-01-03,40,Traffic
D0000132,T0000612,S0013,2025-01-03,40,Traffic
D0000133,T0001135,S0082,2025-01-04,39,Traffic
D0000134,T0000035,S0071,2025-01-02,27,Signal
D0000135,T0001090,S0083,2025-01-07,45,Mechanical
D0000136,T0000850,S0091,2025-01-03,10,Passenger
D0000137,T0001461,S0038,2025-01-03,24,Signal
D0000138,T0001377,S0044,2025-01-02,13,Mechanical
D0000139,T0000425,S0071,2025-01-05,1,Weather
D0000140,T0001227,S0036,2025-01-05,7,Weather
D0000141,T0001546,S0099,2025-01-01,20,Signal
D0000142,T0001768,S0018,2025-01-04,2,Weather
D0000143,T0001014,S0043,2025-01-02,29,Signal
D0000144,T0001654,S0019,2025-01-03,13,Mechanical
D0000145,T0001257,S0017,2025-01-02,37,Traffic
D0000146,T0000660,S0095,2025-01-02,17,Traffic
D0000147,T0000605,S0028,2025-01-04,1,Weather
D0000148,T0000435,S0039,2025-01-07,41,Mechanical
D0000149,T0001885,S0048,2025-01-03,39,Traffic
D0000150,T0001476,S0027,2025-01-04,2,Mechanical
D0000151,T0001808,S0023,2025-01-02,28,Weather
D0000152,T0001191,S0071,2025-01-06,12,Traffic
D0000153,T0001880,S0086,2025-01-07,19,Weather
D0000154,T0000186,S0072,2025-01-06,26,Weather
D0000155,T0001192,S0023,2025-01-01,5,Passenger
D0000156,T0001128,S0048,2025-01-01,5,Traffic
D0000157,T0000649,S0024,2025-01-04,44,Signal
D0000158,T0002000,S0057,2025-01-02,43,Traffic
D0000159,T0001358,S0059,2025-01-02,5,Weather
D0000160,T0001923,S0076,2025-01-02,21,Passenger
D0000161,T0001271,S0077,2025-01-07,17,Weather
D0000162,T0000983,S0011,2025-01-04,21,Traffic
D0000163,T0001330,S0040,2025-01-02,11,Passenger
D0000164,T0001578,S0097,2025-01-03,11,Signal
D0000165,T0000009,S0050,2025-01-01,36,Passenger
D0000166,T0000563,S0081,2025-01-01,41,Passenger
D0000167,T0001312,S0018,2025-01-03,12,Weather
D0000168,T0000324,S0048,2025-01-02,31,Passenger
D0000169,T0000636,S0029,2025-01-02,35,Passenger
D0000170,T0000177,S0031,2025-01-06,21,Signal
D0000171,T0000039,S0016,2025-01-02,1,Mechanical
D0000172,T0000125,S0085,2025-01-06,12,Weather
D0000173,T0000518,S0051,2025-01-02,39,Weather
D0000174,T0000341,S0094,2025-01-04,41,Mechanical
D0000175,T0000127,S0035,2025-01-02,40,Signal
D0000176,T0001970,S0081,2025-01-05,34,Weather
D0000177,T0001626,S0027,2025-01-04,29,Mechanical
D0000178,T0000124,S0010,2025-01-03,34,Passenger
D0000179,T0001177,S0058,2025-01-06,16,Signal
D0000180,T0000605,S0046,2025-01-03,1,Weather
D0000181,T0001581,S0054,2025-01-02,30,Traffic
D0000182,T0000601,S0027,2025-01-01,11,Signal
D0000183,T0000237,S0007,2025-01-07,45,Traffic
D0000184,T0001196,S0059,2025-01-02,44,Weather
D0000185,T0001041,S0093,2025-01-03,30,Traffic
D0000186,T0000209,S0062,2025-01-01,40,Traffic
D0000187,T0000924,S0039,2025-01-06,35,Signal
D0000188,T0000653,S0092,2025-01-01,42,Passenger
D0000189,T0001662,S0092,2025-01-04,43,Signal
D0000190,T0000305,S0074,2025-01-03,33,Weather
D0000191,T0001359,S0050,2025-01-02,45,Mechanical
D0000192,T0001522,S0074,2025-01-03,21,Mechanical
D0000193,T0001772,S0036,2025-01-07,5,Traffic
D0000194,T0001941,S0090,2025-01-05,26,Passenger
D0000195,T0000528,S0045,2025-01-01,2,Passenger
D0000196,T0001666,S0043,2025-01-04,32,Passenger
D0000197,T0001046,S0006,2025-01-01,1,Signal
D0000198,T0000294,S0006,2025-01-07,18,Passenger
D0000199,T0000424,S0089,2025-01-07,35,Signal
D0000200,T0001601,S0047,2025-01-02,5,Weather
D0000201,T0000342,S0072,2025-01-06,4,Passenger
D0000202,T0001317,S0052,2025-01-03,13,Passenger
D0000203,T0001681,S0090,2025-01-04,39,Signal
D0000204,T0001318,S0060,2025-01-07,15,Traffic
D0000205,T0000943,S0002,2025-01-05,12,Passenger
D0000206,T0001492,S0055,2025-01-05,27,Mechanical
D0000207,T0001514,S0018,2025-01-01,37,Weather
D0000208,T0000401,S0085,2025-01-03,6,Passenger
D0000209,T0000367,S0057,2025-01-06,19,Passenger
D0000210,T0001308,S0049,2025-01-06,9,Traffic
D0000211,T0000341,S0010,2025-01-07,39,Weather
D0000212,T0001556,S0085,2025-01-05,18,Signal
D0000213,T0001800,S0063,2025-01-02,39,Traffic
D0000214,T0000223,S0068,2025-01-03,40,Traffic
D0000215,T0001302,S0046,2025-01-05,7,Weather
D0000216,T0001218,S0097,2025-01-07,36,Signal
D0000217,T0001419,S0015,2025-01-04,35,Traffic
D0000218,T0001242,S0013,2025-01-04,18,Traffic
D0000219,T0001910,S0043,2025-01-07,37,Passenger
D0000220,T0000531,S0033,2025-01-07,21,Signal
D0000221,T0000287,S0057,2025-01-01,19,Weather
D0000222,T0001867,S0064,2025-01-02,6,Passenger
D0000223,T0000623,S0048,2025-01-04,25,Traffic
D0000224,T0000053,S0024,2025-01-07,39,Traffic
D0000225,T0001886,S0019,2025-01-03,19,Traffic
D0000226,T0001351,S0009,2025-01-05,45,Traffic
D0000227,T0000714,S0030,2025-01-01,45,Weather
D0000228,T0000129,S0047,2025-01-07,14,Weather
D0000229,T0001749,S0096,2025-01-07,34,Traffic
D0000230,T0001734,S0047,2025-01-03,23,Signal
D0000231,T0000248,S0007,2025-01-05,16,Signal
D0000232,T0001788,S0049,2025-01-05,20,Weather
D0000233,T0000500,S0056,2025-01-04,44,Passenger
D0000234,T0001091,S0011,2025-01-07,4,Traffic
D0000235,T0000790,S0088,2025-01-02,16,Signal
D0000236,T0001305,S0028,2025-01-03,6,Weather
D0000237,T0001791,S0011,2025-01-06,13,Traffic
D0000238,T0000531,S0071,2025-01-03,16,Signal
D0000239,T0000166,S0075,2025-01-01,6,Mechanical
D0000240,T0001618,S0086,2025-01-01,39,Weather
D0000241,T0001232,S0046,2025-01-01,11,Mechanical
D0000242,T0001386,S0063,2025-01-02,24,Traffic
D0000243,T0000555,S0073,2025-01-02,24,Mechanical
D0000244,T0000923,S0056,2025-01-01,33,Weather
D0000245,T0000784,S0061,2025-01-06,35,Traffic
D0000246,T0000850,S0059,2025-01-07,24,Signal
D0000247,T0000329,S0058,2025-01-07,28,Passenger
D0000248,T0001053,S0099,2025-01-05,44,Traffic
D0000249,T0001681,S0014,2025-01-02,11,Mechanical
D0000250,T0000529,S0096,2025-01-03,9,Mechanical
D0000251,T0000797,S0009,2025-01-07,19,Signal
D0000252,T0001916,S0006,2025-01-02,-10,Traffic
D0000253,T0000767,S0010,2025-01-07,40,Mechanical
D0000254,T0000945,S0054,2025-01-03,31,Mechanical
D0000255,T0000723,S0053,2025-01-01,20,Traffic
D0000256,T0001973,S0035,2025-01-06,27,Signal
D0000257,T0000896,S0075,2025-01-01,10,Passenger
D0000258,T0001389,S0058,2025-01-01,31,Weather
D0000259,T0001856,S0011,2025-01-07,33,Weather
D0000260,T0001460,S0042,2025-01-02,2,Mechanical
D0000261,T0000677,S0077,2025-01-03,11,Mechanical
D0000262,T0000137,S0090,2025-01-03,44,Passenger
D0000263,T0000142,S0069,2025-01-05,6,Weather
D0000264,T0000440,S0056,2025-01-01,34,Mechanical
D0000265,T0001932,S0029,2025-01-07,44,Mechanical
D0000266,T0000212,S0033,2025-01-01,26,Mechanical
D0000267,T0000120,S0085,2025-01-05,35,Signal
D0000268,T0000016,S0100,2025-01-01,32,Weather
D0000269,T0001935,S0013,2025-01-01,23,Signal
D0000270,T0001956,S0023,2025-01-01,10,Passenger
D0000271,T0000652,S0005,2025-01-07,6,Mechanical
D0000272,T0001578,S0006,2025-01-05,25,Passenger
D0000273,T0000745,S0042,2025-01-01,21,Traffic
D0000274,T0001792,S0041,2025-01-04,10,Passenger
D0000275,T0000440,S0088,2025-01-04,1,Signal
D0000276,T0000939,S0016,2025-01-01,11,Traffic
D0000277,T0000159,S0089,2025-01-02,33,Mechanical
D0000278,T0000489,S0047,2025-01-04,40,Signal
D0000279,T0000779,S0100,2025-01-04,45,Weather
D0000280,T0001960,S0060,2025-01-06,15,Passenger
D0000281,T0001499,S0017,2025-01-04,5,Mechanical
D0000282,T0001505,S0007,2025-01-01,17,Traffic
D0000283,T0001984,S0096,2025-01-05,22,Traffic
D0000284,T0000047,S0086,2025-01-02,32,Weather
D0000285,T0000129,S0075,2025-01-07,13,Signal
D0000286,T0001482,S0059,2025-01-05,3,Passenger
D0000287,T0000808,S0062,2025-01-05,15,Traffic
D0000288,T0001544,S0010,2025-01-07,38,Mechanical
D0000289,T0000057,S0081,2025-01-04,33,Passenger
D0000290,T0000708,S0023,2025-01-07,29,Signal
D0000291,T0000290,S0097,2025-01-06,15,Mechanical
D0000292,T0001287,S0015,2025-01-03,16,Passenger
D0000293,T0000259,S0016,2025-01-05,27,Traffic
D0000294,T0000159,S0057,2025-01-02,12,Signal
D0000295,T0001433,S0014,2025-01-03,24,Mechanical
D0000296,T0000195,S0068,2025-01-01,4,Weather
D0000297,T0001597,S0045,2025-01-07,16,Signal
D0000298,T0000488,S0037,2025-01-05,9,Mechanical
D0000299,T0000139,S0089,2025-01-04,22,Weather
D0000300,T0001449,S0041,2025-01-02,10,Mechanical
D0000301,T0000211,S0056,2025-01-03,30,Traffic
D0000302,T0001145,S0056,2025-01-05,19,Signal
D0000303,T0001012,S0081,2025-01-06,36,Traffic
D0000304,T0000483,S0095,2025-01-02,27,Weather
D0000305,T0001590,S0075,2025-01-01,20,Passenger
D0000306,T0001829,S0055,2025-01-07,23,Passenger
D0000307,T0001544,S0099,2025-01-01,5,Passenger
D0000308,T0000811,S0066,2025-01-03,3,Signal
D0000309,T0001976,S0075,2025-01-07,14,Signal
D0000310,T0000941,S0008,2025-01-02,4,Signal
D0000311,T0001266,S0065,2025-01-02,10,Mechanical
D0000312,T0001949,S0095,2025-01-07,36,Passenger
D0000313,T0000953,S0076,2025-01-05,36,Passenger
D0000314,T0000865,S0027,2025-01-07,3,Weather
D0000315,T0001797,S0016,2025-01-03,18,Weather
D0000316,T0001126,S0098,2025-01-03,22,Traffic
D0000317,T0000244,S0012,2025-01-07,21,Signal
D0000318,T0000871,S0078,2025-01-02,8,Mechanical
D0000319,T0001437,S0038,2025-01-01,42,Weather
D0000320,T0001421,S0084,2025-01-07,21,Passenger
D0000321,T0001917,S0061,2025-01-07,41,Mechanical
D0000322,T0001515,S0009,2025-01-05,20,Mechanical
D0000323,T0001605,S0010,2025-01-07,10,Weather
D0000324,T0001430,S0005,2025-01-05,39,Passenger
D0000325,T0000617,S0016,2025-01-06,9,Weather
D0000326,T0000801,S0078,2025-01-02,6,Passenger
D0000327,T0000504,S0064,2025-01-05,20,Mechanical
D0000328,T0001087,S0029,2025-01-07,8,Passenger
D0000329,T0001437,S0030,2025-01-05,14,Passenger
D0000330,T0001218,S0053,2025-01-01,27,Traffic
D0000331,T0000697,S0065,2025-01-01,28,Weather
D0000332,T0001712,S0039,2025-01-02,2,Traffic
D0000333,T0000087,S0019,2025-01-06,40,Weather
D0000334,T0001297,S0010,2025-01-07,1,Passenger
D0000335,T0001306,S0081,2025-01-05,32,Weather
D0000336,T0000833,S0017,2025-01-07,45,Traffic
D0000337,T0000544,S0069,2025-01-03,26,Weather
D0000338,T0001925,S0013,2025-01-07,8,Passenger
D0000339,T0000427,S0083,2025-01-01,40,Passenger
D0000340,T0000845,S0049,2025-01-04,2,Traffic
D0000341,T0001528,S0056,2025-01-02,31,Signal
D0000342,T0000299,S0008,2025-01-07,35,Signal
D0000343,T0001269,S0063,2025-01-04,36,Mechanical
D0000344,T0000531,S0092,2025-01-06,27,Weather
D0000345,T0001456,S0077,2025-01-07,41,Passenger
D0000346,T0000251,S0085,2025-01-07,26,Passenger
D0000347,T0001645,S0077,2025-01-06,37,Passenger
D0000348,T0001096,S0024,2025-01-03,12,Mechanical
D0000349,T0000911,S0064,2025-01-03,40,Passenger
D0000350,T0001045,S0042,2025-01-04,3,Signal
D0000351,T0000135,S0097,2025-01-03,42,Mechanical
D0000352,T0000681,S0019,2025-01-02,19,Signal
D0000353,T0000213,S0071,2025-01-05,34,Signal
D0000354,T0000993,S0005,2025-01-05,26,Signal
D0000355,T0001619,S0031,2025-01-07,16,Weather
D0000356,T0000457,S0090,2025-01-05,43,Traffic
D0000357,T0001060,S0088,2025-01-05,30,Signal
D0000358,T0000020,S0051,2025-01-03,5,Traffic
D0000359,T0001568,S0061,2025-01-04,44,Mechanical
D0000360,T0000457,S0036,2025-01-05,38,Traffic
D0000361,T0001227,S0083,2025-01-07,19,Weather
D0000362,T0001429,S0100,2025-01-07,3,Signal
D0000363,T0000725,S0031,2025-01-07,27,Mechanical
D0000364,T0001534,S0065,2025-01-02,6,Signal
D0000365,T0000811,S0047,2025-01-02,26,Traffic
D0000366,T0000837,S0077,2025-01-07,27,Mechanical
D0000367,T0001948,S0090,2025-01-05,17,Traffic
D0000368,T0000555,S0099,2025-01-03,24,Traffic
D0000369,T0000277,S0066,2025-01-01,18,Passenger
D0000370,T0000225,S0048,2025-01-05,15,Signal
D0000371,T0000663,S0066,2025-01-04,44,Mechanical
D0000372,T0000723,S0002,2025-01-03,15,Traffic
D0000373,T0000535,S0050,2025-01-03,2,Traffic
D0000374,T0001089,S0076,2025-01-07,1,Traffic
D0000375,T0000402,S0073,2025-01-02,10,Mechanical
D0000376,T0000010,S0058,2025-01-03,36,Weather
D0000377,T0000126,S0005,2025-01-03,42,Signal
D0000378,T0000813,S0009,2025-01-03,22,Mechanical
D0000379,T0000106,S0082,2025-01-07,5,Passenger
D0000380,T0001689,S0098,2025-01-03,5,Passenger
D0000381,T0000337,S0003,2025-01-05,33,Weather
D0000382,T0000925,S0022,2025-01-04,20,Signal
D0000383,T0000465,S0006,2025-01-05,5,Traffic
D0000384,T0001937,S0020,2025-01-01,21,Mechanical
D0000385,T0000793,S0004,2025-01-02,21,Traffic
D0000386,T0001645,S0025,2025-01-03,13,Weather
D0000387,T0001406,S0025,2025-01-04,4,Weather
D0000388,T0000242,S0055,2025-01-01,19,Mechanical
D0000389,T0001298,S0017,2025-01-02,28,Passenger
D0000390,T0000753,S0084,2025-01-07,12,Weather
D0000391,T0000055,S0051,2025-01-06,27,Passenger
D0000392,T0000094,S0036,2025-01-01,17,Signal
D0000393,T0000772,S0043,2025-01-07,22,Passenger
D0000394,T0000272,S0058,2025-01-05,18,Mechanical
D0000395,T0000478,S0052,2025-01-04,8,Signal
D0000396,T0000102,S0046,2025-01-06,44,Mechanical
D0000397,T0001472,S0042,2025-01-01,21,Mechanical
D0000398,T0001829,S0014,2025-01-06,39,Traffic
D0000399,T0000487,S0040,2025-01-03,43,Weather
D0000400,T0000195,S0022,2025-01-01,23,Passenger
D0000401,T0001584,S0097,2025-01-04,32,Mechanical
D0000402,T0001224,S0003,2025-01-02,36,Weather
D0000403,T0000292,S0045,2025-01-07,7,Traffic
D0000404,T0001701,S0038,2025-01-04,35,Weather
D0000405,T0000450,S0085,2025-01-07,24,Passenger
D0000406,T0001252,S0016,2025-01-01,3,Signal
D0000407,T0000344,S0098,2025-01-02,15,Traffic
D0000408,T0000139,S0050,2025-01-06,16,Signal
D0000409,T0000579,S0035,2025-01-05,9,Passenger
D0000410,T0001779,S0019,2025-01-03,30,Passenger
D0000411,T0000078,S0024,2025-01-04,25,Weather
D0000412,T0001471,S0030,2025-01-03,29,Signal
D0000413,T0001088,S0015,2025-01-03,34,Weather
D0000414,T0000787,S0003,2025-01-03,33,Passenger
D0000415,T0000693,S0015,2025-01-03,44,Traffic
D0000416,T0000491,S0004,2025-01-04,10,Mechanical
D0000417,T0000408,S0029,2025-01-01,23,Signal
D0000418,T0001062,S0098,2025-01-05,32,Mechanical
D0000419,T0000214,S0092,2025-01-07,12,Mechanical
D0000420,T0001700,S0011,2025-01-06,45,Mechanical
D0000421,T0001476,S0081,2025-01-07,35,Passenger
D0000422,T0000629,S0090,2025-01-07,5,Weather
D0000423,T0000666,S0077,2025-01-04,4,Passenger
D0000424,T0001647,S0007,2025-01-04,45,Passenger
D0000425,T0000351,S0064,2025-01-01,15,Weather
D0000426,T0000312,S0032,2025-01-01,22,Weather
D0000427,T0000289,S0001,2025-01-01,40,Weather
D0000428,T0001788,S0091,2025-01-03,33,Signal
D0000429,T0001830,S0027,2025-01-05,5,Weather
D0000430,T0001138,S0095,2025-01-04,40,Weather
D0000431,T0000273,S0030,2025-01-04,15,Mechanical
D0000432,T0001145,S0065,2025-01-07,1,Mechanical
D0000433,T0001103,S0028,2025-01-07,38,Weather
D0000434,T0001631,S0066,2025-01-04,10,Signal
D0000435,T0000134,S0015,2025-01-07,25,Traffic
D0000436,T0000661,S0080,2025-01-07,27,Weather
D0000437,T0000987,S0081,2025-01-01,18,Weather
D0000438,T0000380,S0032,2025-01-03,40,Passenger
D0000439,T0000744,S0028,2025-01-07,43,Passenger
D0000440,T0000243,S0093,2025-01-07,43,Mechanical
D0000441,T0001946,S0075,2025-01-02,35,Passenger
D0000442,T0001734,S0026,2025-01-05,14,Traffic
D0000443,T0001563,S0092,2025-01-02,44,Passenger
D0000444,T0001216,S0051,2025-01-05,12,Mechanical
D0000445,T0001997,S0063,2025-01-05,11,Traffic
D0000446,T0001933,S0050,2025-01-01,43,Passenger
D0000447,T0000215,S0032,2025-01-06,3,Traffic
D0000448,T0000814,S0028,2025-01-01,4,Traffic
D0000449,T0001898,S0001,2025-01-02,41,Traffic
D0000450,T0000388,S0051,2025-01-07,10,Mechanical
D0000451,T0000248,S0082,2025-01-03,17,Weather
D0000452,T0001261,S0070,2025-01-04,9,Mechanical
D0000453,T0000034,S0001,2025-01-05,17,Traffic
D0000454,T0001837,S0035,2025-01-04,30,Weather
D0000455,T0000240,S0019,2025-01-05,24,Mechanical
D0000456,T0001612,S0005,2025-01-03,40,Passenger
D0000457,T0000927,S0042,2025-01-06,41,Passenger
D0000458,T0001266,S0095,2025-01-06,37,Traffic
D0000459,T0000158,S0010,2025-01-01,23,Traffic
D0000460,T0000865,S0008,2025-01-01,43,Traffic
D0000461,T0000211,S0045,2025-01-02,33,Weather
D0000462,T0001407,S0027,2025-01-02,18,Signal
D0000463,T0001867,S0023,2025-01-05,16,Weather
D0000464,T0000608,S0073,2025-01-06,38,Signal
D0000465,T0000811,S0028,2025-01-05,39,Traffic
D0000466,T0001452,S0065,2025-01-03,13,Weather
D0000467,T0000436,S0093,2025-01-04,10,Weather
D0000468,T0000335,S0020,2025-01-02,39,Passenger
D0000469,T0000219,S0089,2025-01-05,36,Weather
D0000470,T0000639,S0085,2025-01-02,37,Signal
D0000471,T0000964,S0015,2025-01-03,15,Signal
D0000472,T0000406,S0026,2025-01-04,1,Mechanical
D0000473,T0001684,S0066,2025-01-05,5,Passenger
D0000474,T0001084,S0049,2025-01-05,21,Mechanical
D0000475,T0000479,S0050,2025-01-07,25,Passenger
D0000476,T0000892,S0032,2025-01-03,13,Passenger
D0000477,T0001818,S0081,2025-01-05,7,Passenger
D0000478,T0001699,S0029,2025-01-07,36,Weather
D0000479,T0001321,S0034,2025-01-07,18,Mechanical
D0000480,T0001005,S0069,2025-01-03,38,Traffic
D0000481,T0000627,S0095,2025-01-06,3,Mechanical
D0000482,T0000048,S0092,2025-01-04,34,Signal
D0000483,T0001823,S0078,2025-01-01,39,Passenger
D0000484,T0001875,S0005,2025-01-07,17,Signal
D0000485,T0001437,S0050,2025-01-02,31,Mechanical
D0000486,T0000495,S0082,2025-01-02,16,Traffic
D0000487,T0000601,S0018,2025-01-01,9,Weather
D0000488,T0001282,S0094,2025-01-05,43,Traffic
D0000489,T0001406,S0018,2025-01-02,44,Traffic
D0000490,T0001970,S0060,2025-01-06,17,Weather
D0000491,T0000920,S0088,2025-01-04,12,Mechanical
D0000492,T0001723,S0034,2025-01-01,18,Mechanical
D0000493,T0000695,S0080,2025-01-06,17,Traffic
D0000494,T0000637,S0095,2025-01-02,44,Passenger
D0000495,T0001225,S0016,2025-01-07,24,Traffic
D0000496,T0000027,S0005,2025-01-06,5,Traffic
D0000497,T0001640,S0022,2025-01-07,13,Mechanical
D0000498,T0001699,S0016,2025-01-03,28,Traffic
D0000499,T0001870,S0072,2025-01-05,15,Traffic
D0000500,T0000701,S0094,2025-01-07,7,Passenger
D0000501,T0001670,S0058,2025-01-03,11,Weather
D0000502,T0001883,S0072,2025-01-03,5,Passenger
D0000503,T0000997,S0028,2025-01-04,42,Mechanical
D0000504,T0001482,S0091,2025-01-02,18,Traffic
D0000505,T0001451,S0076,2025-01-02,38,Traffic
D0000506,T0000531,S0036,2025-01-02,6,Weather
D0000507,T0000564,S0005,2025-01-04,12,Signal
D0000508,T0001593,S0067,2025-01-04,41,Mechanical
D0000509,T0000446,S0044,2025-01-06,12,Passenger
D0000510,T0000430,S0075,2025-01-01,26,Traffic
D0000511,T0001658,S0083,2025-01-03,11,Passenger
D0000512,T0000551,S0065,2025-01-06,6,Passenger
D0000513,T0000788,S0043,2025-01-01,36,Traffic
D0000514,T0001303,S0064,2025-01-02,22,Weather
D0000515,T0000187,S0028,2025-01-04,2,Passenger
D0000516,T0001806,S0097,2025-01-07,38,Weather
D0000517,T0001691,S0073,2025-01-06,17,Passenger
D0000518,T0001019,S0044,2025-01-01,24,Signal
D0000519,T0001791,S0094,2025-01-03,2,Weather
D0000520,T0000319,S0022,2025-01-04,1,Weather
D0000521,T0001173,S0089,2025-01-07,27,Weather
D0000522,T0000600,S0002,2025-01-01,25,Signal
D0000523,T0001403,S0052,2025-01-04,34,Mechanical
D0000524,T0000805,S0091,2025-01-04,37,Passenger
D0000525,T0001160,S0016,2025-01-02,16,Weather
D0000526,T0001723,S0066,2025-01-01,23,Mechanical
D0000527,T0001566,S0096,2025-01-06,8,Traffic
D0000528,T0001132,S0076,2025-01-04,10,Passenger
D0000529,T0001839,S0025,2025-01-02,34,Mechanical
D0000530,T0000556,S0012,2025-01-07,19,Traffic
D0000531,T0001886,S0043,2025-01-04,33,Signal
D0000532,T0000930,S0017,2025-01-07,40,Traffic
D0000533,T0001287,S0086,2025-01-04,30,Signal
D0000534,T0001007,S0025,2025-01-03,6,Passenger
D0000535,T0001685,S0002,2025-01-05,32,Mechanical
D0000536,T0000350,S0062,2025-01-03,28,Weather
D0000537,T0000249,S0002,2025-01-02,38,Traffic
D0000538,T0001712,S0010,2025-01-04,15,Mechanical
D0000539,T0001287,S0077,2025-01-07,9,Passenger
D0000540,T0000254,S0072,2025-01-05,20,Signal
D0000541,T0001371,S0086,2025-01-06,44,Traffic
D0000542,T0001076,S0038,2025-01-06,10,Mechanical
D0000543,T0001097,S0058,2025-01-04,13,Weather
D0000544,T0000673,S0013,2025-01-04,18,Traffic
D0000545,T0000476,S0021,2025-01-07,18,Weather
D0000546,T0001383,S0055,2025-01-02,25,Mechanical
D0000547,T0000224,S0002,2025-01-01,16,Traffic
D0000548,T0000099,S0046,2025-01-04,11,Passenger
D0000549,T0000426,S0044,2025-01-06,-10,Weather
D0000550,T0000299,S0084,2025-01-05,6,Weather
D0000551,T0000181,S0070,2025-01-03,23,Weather
D0000552,T0000508,S0071,2025-01-01,41,Traffic
D0000553,T0000411,S0098,2025-01-03,39,Traffic
D0000554,T0001555,S0014,2025-01-07,1,Weather
D0000555,T0001643,S0067,2025-01-04,38,Traffic
D0000556,T0001824,S0006,2025-01-02,3,Weather
D0000557,T0000644,S0002,2025-01-01,26,Weather
D0000558,T0001039,S0079,2025-01-02,35,Signal
D0000559,T0001310,S0097,2025-01-04,10,Passenger
D0000560,T0001338,S0062,2025-01-06,14,Mechanical
D0000561,T0000862,S0033,2025-01-06,45,Traffic
D0000562,T0001584,S0093,2025-01-07,37,Signal
D0000563,T0000187,S0089,2025-01-01,6,Weather
D0000564,T0000250,S0024,2025-01-01,40,Signal
D0000565,T0001426,S0056,2025-01-04,5,Passenger
D0000566,T0000336,S0048,2025-01-07,9,Traffic
D0000567,T0001382,S0083,2025-01-06,13,Signal
D0000568,T0001146,S0023,2025-01-06,1,Weather
D0000569,T0001051,S0037,2025-01-01,34,Signal
D0000570,T0000770,S0046,2025-01-04,4,Weather
D0000571,T0000222,S0082,2025-01-02,12,Traffic
D0000572,T0000160,S0066,2025-01-07,26,Passenger
D0000573,T0001652,S0036,2025-01-03,21,Passenger
D0000574,T0001341,S0094,2025-01-06,31,Traffic
D0000575,T0001278,S0038,2025-01-05,28,Passenger
D0000576,T0000233,S0001,2025-01-04,44,Traffic
D0000577,T0000639,S0076,2025-01-02,23,Weather
D0000578,T0001862,S0020,2025-01-07,5,Signal
D0000579,T0000940,S0065,2025-01-03,4,Mechanical
D0000580,T0000510,S0059,2025-01-01,42,Traffic
D0000581,T0000975,S0091,2025-01-04,43,Passenger
D0000582,T0001502,S0016,2025-01-02,26,Passenger
D0000583,T0001318,S0007,2025-01-06,10,Mechanical
D0000584,T0000595,S0093,2025-01-07,28,Passenger
D0000585,T0000790,S0007,2025-01-04,28,Mechanical
D0000586,T0001600,S0053,2025-01-01,23,Mechanical
D0000587,T0001897,S0054,2025-01-07,6,Mechanical
D0000588,T0000133,S0077,2025-01-07,3,Weather
D0000589,T0001053,S0025,2025-01-02,7,Traffic
D0000590,T0000145,S0006,2025-01-03,45,Passenger
D0000591,T0001562,S0014,2025-01-04,26,Weather
D0000592,T0001461,S0085,2025-01-07,26,Passenger
D0000593,T0001004,S0028,2025-01-04,27,Weather
D0000594,T0001288,S0031,2025-01-05,6,Weather
D0000595,T0001978,S0087,2025-01-03,17,Signal
D0000596,T0001041,S0012,2025-01-06,22,Weather
D0000597,T0000043,S0065,2025-01-01,26,Weather
D0000598,T0000904,S0053,2025-01-01,43,Mechanical
D0000599,T0000819,S0091,2025-01-05,21,Passenger
D0000600,T0000716,S0048,2025-01-03,19,Signal
D0000601,T0001239,S0084,2025-01-03,4,Signal
D0000602,T0001795,S0088,2025-01-02,18,Signal
D0000603,T0000370,S0098,2025-01-04,2,Signal
D0000604,T0000737,S0096,2025-01-04,5,Passenger
D0000605,T0000159,S0056,2025-01-01,7,Signal
D0000606,T0000426,S0012,2025-01-06,30,Signal
D0000607,T0000288,S0028,2025-01-04,44,Passenger
D0000608,T0001131,S0048,2025-01-04,13,Weather
D0000609,T0000470,S0011,2025-01-06,33,Traffic
D0000610,T0001126,S0083,2025-01-04,32,Signal
D0000611,T0001243,S0019,2025-01-04,40,Signal
D0000612,T0000306,S0045,2025-01-01,31,Mechanical
D0000613,T0000635,S0053,2025-01-02,5,Mechanical
D0000614,T0001824,S0091,2025-01-06,33,Passenger
D0000615,T0000536,S0062,2025-01-06,33,Signal
D0000616,T0001269,S0030,2025-01-05,25,Weather
D0000617,T0000884,S0051,2025-01-05,21,Weather
D0000618,T0000702,S0080,2025-01-01,8,Weather
D0000619,T0001468,S0037,2025-01-03,9,Passenger
D0000620,T0001742,S0033,2025-01-04,20,Mechanical
D0000621,T0001486,S0029,2025-01-05,41,Traffic
D0000622,T0000821,S0022,2025-01-05,3,Mechanical
D0000623,T0000847,S0014,2025-01-01,29,Signal
D0000624,T0000338,S0011,2025-01-03,16,Passenger
D0000625,T0000317,S0006,2025-01-04,29,Weather
D0000626,T0001149,S0078,2025-01-06,43,Mechanical
D0000627,T0000953,S0049,2025-01-03,30,Mechanical
D0000628,T0000678,S0013,2025-01-03,6,Traffic
D0000629,T0001052,S0096,2025-01-03,44,Signal
D0000630,T0000235,S0004,2025-01-06,37,Signal
D0000631,T0001896,S0100,2025-01-05,13,Mechanical
D0000632,T0001345,S0016,2025-01-04,42,Weather
D0000633,T0001323,S0079,2025-01-02,35,Signal
D0000634,T0000587,S0047,2025-01-01,2,Signal
D0000635,T0001516,S0017,2025-01-05,33,Traffic
D0000636,T0000290,S0047,2025-01-06,29,Passenger
D0000637,T0001694,S0065,2025-01-01,2,Traffic
D0000638,T0000592,S0047,2025-01-02,2,Passenger
D0000639,T0001435,S0093,2025-01-03,3,Mechanical
D0000640,T0001478,S0083,2025-01-02,22,Weather
D0000641,T0000577,S0025,2025-01-06,43,Weather
D0000642,T0001363,S0047,2025-01-03,35,Signal
D0000643,T0000717,S0027,2025-01-01,2,Weather
D0000644,T0001228,S0024,2025-01-05,32,Passenger
D0000645,T0000561,S0044,2025-01-02,19,Signal
D0000646,T0000144,S0026,2025-01-03,33,Weather
D0000647,T0000957,S0086,2025-01-02,15,Mechanical
D0000648,T0001811,S0076,2025-01-06,34,Mechanical
D0000649,T0000128,S0031,2025-01-01,9,Signal
D0000650,T0000486,S0046,2025-01-01,21,Weather
D0000651,T0000319,S0001,2025-01-04,31,Weather
D0000652,T0000625,S0052,2025-01-05,8,Passenger
D0000653,T0001975,S0074,2025-01-07,21,Passenger
D0000654,T0001499,S0096,2025-01-04,2,Traffic
D0000655,T0001313,S0046,2025-01-07,39,Passenger
D0000656,T0000396,S0084,2025-01-05,3,Signal
D0000657,T0001315,S0077,2025-01-06,37,Mechanical
D0000658,T0000815,S0093,2025-01-06,31,Weather
D0000659,T0001110,S0010,2025-01-01,31,Weather
D0000660,T0000530,S0063,2025-01-02,44,Passenger
D0000661,T0000560,S0087,2025-01-06,44,Mechanical
D0000662,T0000703,S0059,2025-01-06,40,Traffic
D0000663,T0000192,S0072,2025-01-02,3,Traffic
D0000664,T0001670,S0084,2025-01-01,6,Weather
D0000665,T0001447,S0058,2025-01-06,41,Passenger
D0000666,T0000416,S0018,2025-01-01,2,Traffic
D0000667,T0000925,S0001,2025-01-05,36,Signal
D0000668,T0001271,S0085,2025-01-04,39,Mechanical
D0000669,T0001952,S0007,2025-01-04,25,Passenger
D0000670,T0001856,S0083,2025-01-04,44,Weather
D0000671,T0000435,S0069,2025-01-02,32,Mechanical
D0000672,T0001802,S0002,2025-01-01,5,Weather
D0000673,T0000435,S0027,2025-01-02,44,Weather
D0000674,T0000564,S0098,2025-01-01,4,Weather
D0000675,T0001769,S0003,2025-01-05,38,Passenger
D0000676,T0000788,S0005,2025-01-05,45,Traffic
D0000677,T0000111,S0013,2025-01-07,34,Mechanical
D0000678,T0000950,S0089,2025-01-01,27,Weather
D0000679,T0001759,S0065,2025-01-07,13,Mechanical
D0000680,T0001490,S0025,2025-01-04,9,Passenger
D0000681,T0000427,S0081,2025-01-03,5,Weather
D0000682,T0001332,S0015,2025-01-06,42,Passenger
D0000683,T0000357,S0057,2025-01-03,11,Passenger
D0000684,T0000470,S0100,2025-01-06,34,Weather
D0000685,T0000244,S0086,2025-01-01,42,Traffic
D0000686,T0001624,S0069,2025-01-07,41,Traffic
D0000687,T0000474,S0035,2025-01-07,15,Traffic
D0000688,T0000206,S0041,2025-01-07,22,Passenger
D0000689,T0000050,S0011,2025-01-04,34,Weather
D0000690,T0000087,S0042,2025-01-04,15,Weather
D0000691,T0000642,S0053,2025-01-01,39,Weather
D0000692,T0000967,S0085,2025-01-07,12,Traffic
D0000693,T0001137,S0059,2025-01-06,27,Weather
D0000694,T0001351,S0006,2025-01-05,28,Signal
D0000695,T0000739,S0035,2025-01-01,3,Mechanical
D0000696,T0000883,S0093,2025-01-01,38,Passenger
D0000697,T0000912,S0014,2025-01-04,36,Mechanical
D0000698,T0000666,S0043,2025-01-03,22,Signal
D0000699,T0001856,S0004,2025-01-02,17,Signal
D0000700,T0000699,S0076,2025-01-01,24,Weather
D0000701,T0001039,S0043,2025-01-05,10,Signal
D0000702,T0001446,S0039,2025-01-01,5,Signal
D0000703,T0000620,S0098,2025-01-05,40,Signal
D0000704,T0000010,S0073,2025-01-05,34,Mechanical
D0000705,T0001707,S0002,2025-01-02,23,Mechanical
D0000706,T0000163,S0061,2025-01-06,27,Passenger
D0000707,T0001570,S0078,2025-01-02,20,Passenger
D0000708,T0001940,S0044,2025-01-06,2,Signal
D0000709,T0001974,S0001,2025-01-04,36,Signal
D0000710,T0000116,S0080,2025-01-03,9,Mechanical
D0000711,T0000804,S0070,2025-01-01,7,Weather
D0000712,T0001650,S0080,2025-01-07,6,Passenger
D0000713,T0000290,S0062,2025-01-01,23,Weather
D0000714,T0000500,S0038,2025-01-01,19,Passenger
D0000715,T0001550,S0085,2025-01-01,43,Mechanical
D0000716,T0001172,S0044,2025-01-04,10,Signal
D0000717,T0000017,S0092,2025-01-05,42,Passenger
D0000718,T0001968,S0095,2025-01-03,7,Signal
D0000719,T0000645,S0082,2025-01-05,15,Signal
D0000720,T0001169,S0024,2025-01-01,9,Weather
D0000721,T0000862,S0048,2025-01-06,38,Signal
D0000722,T0001531,S0004,2025-01-02,21,Mechanical
D0000723,T0001798,S0042,2025-01-01,45,Signal
D0000724,T0001786,S0091,2025-01-05,25,Signal
D0000725,T0001639,S0075,2025-01-03,40,Traffic
D0000726,T0000873,S0021,2025-01-03,19,Weather
D0000727,T0000754,S0081,2025-01-04,13,Signal
D0000728,T0000994,S0071,2025-01-03,23,Passenger
D0000729,T0001939,S0035,2025-01-06,5,Traffic
D0000730,T0000395,S0005,2025-01-03,4,Mechanical
D0000731,T0001776,S0002,2025-01-02,15,Passenger
D0000732,T0001700,S0068,2025-01-06,15,Passenger
D0000733,T0000723,S0051,2025-01-06,39,Traffic
D0000734,T0000020,S0010,2025-01-02,42,Signal
D0000735,T0001131,S0030,2025-01-02,5,Signal
D0000736,T0000091,S0036,2025-01-02,21,Weather
D0000737,T0000131,S0047,2025-01-05,18,Weather
D0000738,T0001399,S0003,2025-01-07,27,Traffic
D0000739,T0000356,S0024,2025-01-03,44,Signal
D0000740,T0001671,S0075,2025-01-03,42,Signal
D0000741,T0001615,S0095,2025-01-02,6,Mechanical
D0000742,T0001791,S0097,2025-01-03,29,Passenger
D0000743,T0001851,S0042,2025-01-02,45,Weather
D0000744,T0000438,S0025,2025-01-02,1,Weather
D0000745,T0001744,S0060,2025-01-05,4,Signal
D0000746,T0000475,S0053,2025-01-01,38,Weather
D0000747,T0000664,S0068,2025-01-04,43,Signal
D0000748,T0000199,S0018,2025-01-06,24,Mechanical
D0000749,T0000807,S0017,2025-01-06,18,Signal
D0000750,T0001926,S0067,2025-01-02,7,Passenger
D0000751,T0001593,S0005,2025-01-03,24,Signal
D0000752,T0000088,S0096,2025-01-07,12,Passenger
D0000753,T0001621,S0014,2025-01-05,5,Traffic
D0000754,T0001602,S0084,2025-01-03,43,Weather
D0000755,T0000421,S0099,2025-01-04,8,Weather
D0000756,T0001074,S0023,2025-01-04,21,Weather
D0000757,T0000919,S0083,2025-01-03,29,Mechanical
D0000758,T0001681,S0033,2025-01-07,36,Signal
D0000759,T0000123,S0067,2025-01-05,8,Weather
D0000760,T0001482,S0081,2025-01-01,14,Passenger
D0000761,T0000347,S0020,2025-01-05,24,Signal
D0000762,T0000635,S0056,2025-01-04,3,Traffic
D0000763,T0000727,S0043,2025-01-04,2,Mechanical
D0000764,T0000789,S0067,2025-01-05,4,Signal
D0000765,T0001964,S0024,2025-01-06,44,Weather
D0000766,T0000992,S0067,2025-01-07,14,Weather
D0000767,T0001980,S0081,2025-01-07,8,Weather
D0000768,T0000810,S0035,2025-01-04,36,Traffic
D0000769,T0000536,S0034,2025-01-01,9,Traffic
D0000770,T0000322,S0096,2025-01-02,32,Weather
D0000771,T0000415,S0074,2025-01-03,24,Signal
D0000772,T0001190,S0051,2025-01-07,19,Passenger
D0000773,T0000318,S0098,2025-01-01,8,Signal
D0000774,T0001318,S0029,2025-01-05,32,Signal
D0000775,T0001155,S0001,2025-01-01,9,Passenger
D0000776,T0001334,S0042,2025-01-03,5,Traffic
D0000777,T0000834,S0007,2025-01-01,4,Passenger
D0000778,T0001543,S0042,2025-01-06,23,Passenger
D0000779,T0000953,S0072,2025-01-05,5,Traffic
D0000780,T0001862,S0031,2025-01-05,44,Signal
D0000781,T0000534,S0095,2025-01-01,28,Passenger
D0000782,T0000426,S0076,2025-01-05,32,Signal
D0000783,T0000347,S0045,2025-01-01,37,Weather
D0000784,T0001011,S0003,2025-01-06,19,Weather
D0000785,T0000795,S0084,2025-01-04,28,Passenger
D0000786,T0001819,S0044,2025-01-03,33,Mechanical
D0000787,T0001177,S0012,2025-01-02,33,Signal
D0000788,T0001153,S0046,2025-01-06,12,Weather
D0000789,T0000652,S0047,2025-01-05,17,Weather
D0000790,T0001462,S0093,2025-01-02,43,Traffic
D0000791,T0000422,S0029,2025-01-01,4,Traffic
D0000792,T0001635,S0086,2025-01-06,23,Passenger
D0000793,T0000061,S0063,2025-01-02,3,Signal
D0000794,T0000402,S0012,2025-01-07,40,Signal
D0000795,T0000122,S0042,2025-01-01,31,Traffic
D0000796,T0001587,S0031,2025-01-01,23,Mechanical
D0000797,T0001026,S0005,2025-01-06,31,Signal
D0000798,T0001335,S0055,2025-01-07,21,Mechanical
D0000799,T0000397,S0048,2025-01-02,1,Signal
D0000800,T0001755,S0021,2025-01-02,44,Mechanical
D0000801,T0001522,S0028,2025-01-05,14,Mechanical
D0000802,T0000990,S0024,2025-01-07,4,Signal
D0000803,T0001111,S0097,2025-01-02,39,Mechanical
D0000804,T0000450,S0049,2025-01-02,14,Traffic
D0000805,T0001576,S0090,2025-01-01,44,Passenger
D0000806,T0000728,S0051,2025-01-03,3,Traffic
D0000807,T0000752,S0020,2025-01-02,14,Passenger
D0000808,T0001534,S0093,2025-01-03,9,Passenger
D0000809,T0001106,S0090,2025-01-03,14,Weather
D0000810,T0001374,S0060,2025-01-01,3,Signal
D0000811,T0001954,S0046,2025-01-07,24,Mechanical
D0000812,T0000492,S0044,2025-01-07,5,Traffic
D0000813,T0000250,S0043,2025-01-01,13,Traffic
D0000814,T0001251,S0035,2025-01-01,13,Traffic
D0000815,T0000586,S0097,2025-01-04,12,Mechanical
D0000816,T0001897,S0044,2025-01-06,39,Traffic
D0000817,T0000374,S0056,2025-01-06,4,Traffic
D0000818,T0000591,S0054,2025-01-01,12,Passenger
D0000819,T0000770,S0056,2025-01-06,29,Signal
D0000820,T0000709,S0018,2025-01-03,11,Passenger
D0000821,T0000291,S0100,2025-01-05,28,Signal
D0000822,T0001492,S0016,2025-01-07,40,Passenger
D0000823,T0001096,S0032,2025-01-01,-10,Traffic
D0000824,T0001812,S0072,2025-01-07,17,Weather
D0000825,T0001194,S0084,2025-01-04,5,Traffic
D0000826,T0000487,S0023,2025-01-05,17,Traffic
D0000827,T0000397,S0073,2025-01-05,45,Signal
D0000828,T0001596,S0091,2025-01-04,16,Weather
D0000829,T0001544,S0023,2025-01-05,33,Traffic
D0000830,T0001393,S0070,2025-01-01,30,Passenger
D0000831,T0001973,S0044,2025-01-04,23,Traffic
D0000832,T0000409,S0054,2025-01-05,45,Passenger
D0000833,T0000268,S0094,2025-01-03,16,Weather
D0000834,T0000248,S0064,2025-01-02,17,Passenger
D0000835,T0000407,S0098,2025-01-03,18,Passenger
D0000836,T0001064,S0019,2025-01-04,14,Mechanical
D0000837,T0001249,S0004,2025-01-07,19,Weather
D0000838,T0000437,S0004,2025-01-05,44,Passenger
D0000839,T0001115,S0072,2025-01-06,1,Signal
D0000840,T0001568,S0100,2025-01-05,14,Passenger
D0000841,T0001555,S0062,2025-01-06,44,Signal
D0000842,T0000553,S0086,2025-01-01,44,Passenger
D0000843,T0001033,S0007,2025-01-02,34,Passenger
D0000844,T0000864,S0013,2025-01-01,42,Signal
D0000845,T0000828,S0069,2025-01-07,4,Traffic
D0000846,T0000297,S0061,2025-01-04,2,Signal
D0000847,T0001108,S0045,2025-01-06,42,Weather
D0000848,T0001212,S0004,2025-01-03,17,Signal
D0000849,T0000456,S0035,2025-01-05,30,Signal
D0000850,T0000850,S0089,2025-01-02,13,Weather
D0000851,T0000268,S0012,2025-01-04,1,Signal
D0000852,T0001780,S0067,2025-01-05,44,Passenger
D0000853,T0001407,S0032,2025-01-06,38,Signal
D0000854,T0000557,S0061,2025-01-04,27,Weather
D0000855,T0000827,S0074,2025-01-06,34,Signal
D0000856,T0000880,S0005,2025-01-07,28,Traffic
D0000857,T0000609,S0045,2025-01-05,17,Passenger
D0000858,T0001131,S0075,2025-01-07,11,Mechanical
D0000859,T0001397,S0007,2025-01-06,37,Traffic
D0000860,T0000999,S0006,2025-01-05,42,Traffic
D0000861,T0001460,S0068,2025-01-02,13,Mechanical
D0000862,T0001618,S0005,2025-01-07,4,Passenger
D0000863,T0000335,S0010,2025-01-06,42,Passenger
D0000864,T0000347,S0049,2025-01-04,16,Weather
D0000865,T0000420,S0024,2025-01-02,18,Signal
D0000866,T0001027,S0030,2025-01-01,15,Mechanical
D0000867,T0001934,S0034,2025-01-06,43,Passenger
D0000868,T0001624,S0008,2025-01-07,-10,Traffic
D0000869,T0001792,S0033,2025-01-06,10,Traffic
D0000870,T0000442,S0064,2025-01-07,27,Signal
D0000871,T0000356,S0048,2025-01-04,36,Passenger
D0000872,T0001642,S0072,2025-01-07,3,Mechanical
D0000873,T0000294,S0067,2025-01-06,15,Mechanical
D0000874,T0000824,S0078,2025-01-07,12,Passenger
D0000875,T0001377,S0001,2025-01-04,28,Mechanical
D0000876,T0000336,S0037,2025-01-06,31,Weather
D0000877,T0001047,S0091,2025-01-06,27,Weather
D0000878,T0001052,S0032,2025-01-03,21,Mechanical
D0000879,T0001097,S0063,2025-01-01,42,Traffic
D0000880,T0000897,S0076,2025-01-05,25,Mechanical
D0000881,T0001953,S0071,2025-01-01,23,Weather
D0000882,T0001022,S0049,2025-01-06,21,Passenger
D0000883,T0001837,S0009,2025-01-06,39,Weather
D0000884,T0001202,S0048,2025-01-07,41,Mechanical
D0000885,T0001393,S0079,2025-01-03,37,Passenger
D0000886,T0000772,S0055,2025-01-03,19,Weather
D0000887,T0000558,S0085,2025-01-07,4,Traffic
D0000888,T0000571,S0051,2025-01-02,25,Traffic
D0000889,T0001356,S0057,2025-01-04,8,Traffic
D0000890,T0001437,S0053,2025-01-06,26,Passenger
D0000891,T0001346,S0095,2025-01-06,18,Signal
D0000892,T0000104,S0023,2025-01-07,42,Mechanical
D0000893,T0000272,S0050,2025-01-06,17,Passenger
D0000894,T0000009,S0054,2025-01-05,30,Traffic
D0000895,T0000504,S0031,2025-01-03,41,Signal
D0000896,T0001337,S0043,2025-01-02,32,Traffic
D0000897,T0001908,S0014,2025-01-03,6,Weather
D0000898,T0000939,S0040,2025-01-06,27,Mechanical
D0000899,T0001648,S0092,2025-01-04,38,Mechanical
D0000900,T0001734,S0096,2025-01-03,36,Passenger
D0000901,T0001049,S0056,2025-01-04,30,Signal
D0000902,T0001651,S0092,2025-01-03,32,Traffic
D0000903,T0000839,S0063,2025-01-02,6,Mechanical
D0000904,T0000380,S0019,2025-01-01,44,Weather
D0000905,T0001307,S0009,2025-01-06,27,Weather
D0000906,T0001401,S0020,2025-01-05,29,Traffic
D0000907,T0000066,S0077,2025-01-04,24,Passenger
D0000908,T0001059,S0099,2025-01-03,4,Traffic
D0000909,T0000938,S0033,2025-01-03,19,Weather
D0000910,T0001195,S0095,2025-01-07,5,Passenger
D0000911,T0000407,S0031,2025-01-04,20,Passenger
D0000912,T0000319,S0095,2025-01-01,42,Traffic
D0000913,T0001823,S0067,2025-01-01,28,Mechanical
D0000914,T0001534,S0079,2025-01-03,26,Traffic
D0000915,T0000166,S0094,2025-01-02,16,Signal
D0000916,T0001583,S0052,2025-01-02,38,Traffic
D0000917,T0000193,S0061,2025-01-04,29,Traffic
D0000918,T0000148,S0046,2025-01-02,29,Mechanical
D0000919,T0000479,S0003,2025-01-01,29,Signal
D0000920,T0000393,S0026,2025-01-03,32,Signal
D0000921,T0000302,S0029,2025-01-03,36,Mechanical
D0000922,T0001090,S0030,2025-01-02,7,Weather
D0000923,T0001986,S0064,2025-01-05,4,Signal
D0000924,T0001402,S0023,2025-01-07,7,Traffic
D0000925,T0000891,S0012,2025-01-07,26,Traffic
D0000926,T0000013,S0005,2025-01-04,23,Signal
D0000927,T0001222,S0023,2025-01-01,7,Signal
D0000928,T0001864,S0005,2025-01-03,19,Signal
D0000929,T0001995,S0036,2025-01-04,11,Signal
D0000930,T0001198,S0044,2025-01-05,31,Passenger
D0000931,T0001115,S0022,2025-01-05,23,Mechanical
D0000932,T0000092,S0100,2025-01-05,9,Signal
D0000933,T0000988,S0073,2025-01-03,25,Traffic
D0000934,T0000170,S0099,2025-01-05,2,Passenger
D0000935,T0001752,S0032,2025-01-07,4,Traffic
D0000936,T0000486,S0008,2025-01-07,19,Signal
D0000937,T0001217,S0060,2025-01-05,32,Passenger
D0000938,T0000611,S0068,2025-01-07,15,Traffic
D0000939,T0000429,S0073,2025-01-05,26,Signal
D0000940,T0001532,S0023,2025-01-04,7,Passenger
D0000941,T0000379,S0017,2025-01-05,19,Passenger
D0000942,T0001101,S0055,2025-01-02,35,Weather
D0000943,T0000424,S0045,2025-01-01,39,Mechanical
D0000944,T0001163,S0049,2025-01-03,13,Signal
D0000945,T0001738,S0026,2025-01-01,12,Passenger
D0000946,T0001876,S0066,2025-01-03,29,Weather
D0000947,T0000224,S0076,2025-01-01,19,Passenger
D0000948,T0000723,S0012,2025-01-04,43,Passenger
D0000949,T0000141,S0075,2025-01-07,15,Signal
D0000950,T0000455,S0094,2025-01-01,45,Passenger
D0000951,T0001389,S0046,2025-01-04,30,Weather
D0000952,T0000782,S0015,2025-01-07,31,Mechanical
D0000953,T0000500,S0035,2025-01-04,41,Weather
D0000954,T0000063,S0015,2025-01-07,4,Traffic
D0000955,T0001880,S0037,2025-01-06,38,Weather
D0000956,T0001141,S0072,2025-01-07,15,Passenger
D0000957,T0000781,S0087,2025-01-01,36,Passenger
D0000958,T0001865,S0071,2025-01-02,40,Passenger
D0000959,T0001772,S0074,2025-01-04,24,Weather
D0000960,T0000041,S0015,2025-01-06,12,Passenger
D0000961,T0000994,S0006,2025-01-07,28,Weather
D0000962,T0001365,S0054,2025-01-01,9,Signal
D0000963,T0001549,S0037,2025-01-01,37,Mechanical
D0000964,T0000959,S0057,2025-01-03,35,Passenger
D0000965,T0000963,S0081,2025-01-03,4,Signal
D0000966,T0000363,S0022,2025-01-04,35,Signal
D0000967,T0000583,S0099,2025-01-07,16,Weather
D0000968,T0000920,S0001,2025-01-06,38,Mechanical
D0000969,T0000401,S0047,2025-01-03,9,Mechanical
D0000970,T0000681,S0007,2025-01-02,8,Weather
D0000971,T0001545,S0016,2025-01-02,45,Passenger
D0000972,T0001792,S0099,2025-01-05,21,Mechanical
D0000973,T0000992,S0048,2025-01-05,32,Mechanical
D0000974,T0001063,S0055,2025-01-03,36,Weather
D0000975,T0001760,S0073,2025-01-01,26,Mechanical
D0000976,T0001689,S0015,2025-01-02,8,Weather
D0000977,T0000271,S0087,2025-01-07,11,Traffic
D0000978,T0000952,S0023,2025-01-07,35,Weather
D0000979,T0001500,S0040,2025-01-04,41,Signal
D0000980,T0000160,S0044,2025-01-07,29,Passenger
D0000981,T0001651,S0018,2025-01-06,37,Weather
D0000982,T0000947,S0062,2025-01-06,44,Mechanical
D0000983,T0001601,S0057,2025-01-03,9,Signal
D0000984,T0000838,S0063,2025-01-02,41,Passenger
D0000985,T0001126,S0063,2025-01-03,40,Weather
D0000986,T0001223,S0100,2025-01-03,2,Weather
D0000987,T0001221,S0048,2025-01-06,2,Traffic
D0000988,T0000031,S0064,2025-01-07,28,Passenger
D0000989,T0000624,S0048,2025-01-02,27,Mechanical
D0000990,T0000795,S0054,2025-01-04,26,Weather
D0000991,T0001846,S0016,2025-01-06,27,Mechanical
D0000992,T0001707,S0046,2025-01-07,16,Mechanical
D0000993,T0001779,S0077,2025-01-02,36,Weather
D0000994,T0000136,S0010,2025-01-07,23,Mechanical
D0000995,T0000468,S0054,2025-01-06,1,Weather
D0000996,T0001222,S0073,2025-01-03,2,Mechanical
D0000997,T0000605,S0030,2025-01-05,1,Weather
D0000998,T0001442,S0047,2025-01-01,15,Mechanical
D0000999,T0001994,S0016,2025-01-04,34,Weather
D0001000,T0000922,S0022,2025-01-04,1,Signal
